Chelsea Jones,east,century
Troy Mclaughlin,person,behind
Brenda Reed DDS,place,too
Pamela Lawrence,wear,current
James Brown,occur,organization
Jay Montes,knowledge,mother
Nicole Cooper,myself,generation
Jenna Jenkins,our,serve
Jonathan Johnson,simply,show
Ruth Powell,despite,group
Richard Santiago,thousand,too
Elizabeth Salazar,role,the
Brandon Ross,environmental,age
Donald Deleon,against,player
Mark Costa,religious,up
Paul White,then,weight
Kristen Elliott,school,appear
Eric Cole DDS,later,data
Dustin Diaz,prevent,prove
Mark Costa,computer,interview
Jonathan Fowler,development,draw
Laura Chapman,five,record
Brian Francis,group,his
Greg Hall,college,father
Laura Chapman,technology,hundred
Brian Hawkins,out,stand
Wesley Levy,hot,resource
Kurt Roman,value,admit
Sergio Rivera,Mrs,economy
Wesley Levy,site,fear
Troy Mclaughlin,may,least
Andrew Baker,forget,phone
Donna Robinson,commercial,collection
Jay Montes,instead,military
Nicholas Petersen,first,interest
Colin Roberson,set,likely
Brandon Ross,hold,nice
Ryan Giles,team,believe
Cheryl Burke,live,section
Zoe Dyer,only,form
Jonathan Fowler,than,rule
Greg Hall,friend,growth
Christopher Eaton,own,former
Christopher Zavala,table,hope
Paul White,scene,million
Matthew Cannon,same,require
Robert Kelley,season,worry
Suzanne Alexander,respond,technology
Jennifer Miranda,parent,develop
Robert Kelley,side,traditional
Colin Roberson,stage,structure
Jaime Luna,everything,finish
Luis Burnett,could,national
Luis Burnett,when,quickly
Donna Robinson,police,husband
Andrea Brown,such,practice
Elizabeth Smith,something,mean
Ryan Giles,thank,positive
Dean Parker,about,front
Jeremy Smith,movie,cost
Hannah Floyd,American,serve
Dean Parker,paper,week
Tiffany Casey,ok,middle
Ann Smith,protect,choice
Julie York,discover,figure
Tammy Ryan,treat,always
James Brown,song,nor
Kurt Roman,boy,manage
Mary Rivera,industry,unit
Laura Chapman,eight,research
Andrew Miller DDS,modern,source
Amy Colon,look,than
Lisa Maddox,black,option
Annette Miller,ready,offer
Chelsea Smith,push,on
Tammy Ryan,guess,consider
Debra Glover,employee,church
Luis Burnett,piece,few
Hannah Floyd,impact,red
Tiffany Casey,play,draw
Brian Francis,research,name
Andrea Brown,great,political
Katrina Wilcox,or,cut
Carrie Taylor,amount,return
Matthew Cannon,region,ago
Brandon Ross,everyone,interview
Hannah Floyd,hand,them
Zoe Dyer,exactly,him
Bryan Richardson,should,investment
Annette Miller,political,again
Deborah Sexton,information,well
Katrina Wilcox,public,raise
Joseph Martin,different,campaign
Aaron Smith,concern,cause
Paul White,collection,discuss
Stacy Edwards,chance,must
Jose Wallace,example,suffer
Karen Gray,article,boy
Gina Dunlap,purpose,personal
Paul White,bit,gas
Eric Cole DDS,risk,under
Jenna Jenkins,here,kid
Paul White,history,skill
Jacob Dominguez,turn,include
Heidi Russo,remember,gun
Christopher Eaton,pretty,reveal
Jose Wallace,actually,example
Heather Bentley,speak,figure
Anne Holland,tell,enjoy
Robert Kelley,especially,represent
Anne Holland,perhaps,garden
Andrew Baker,but,onto
Andrew Baker,thus,away
Amanda Hood,them,conference
Karen Gray,sort,forget
Jeffrey Sloan,baby,issue
Cheryl Burke,happen,in
Troy Mclaughlin,run,expert
Tiffany Casey,force,today
Elizabeth Salazar,glass,artist
Jaime Luna,tonight,exist
Deborah Sexton,necessary,alone
Tammy Ryan,whether,all
Dean Parker,main,method
Christopher Zavala,and,whole
Jonathan Fowler,record,others
Jacob Dominguez,forward,order
Steven Hamilton,need,they
Ann Smith,worker,always
Andrew Miller DDS,Democrat,allow
Lisa Maddox,whatever,involve
Wesley Levy,other,now
Gina Dunlap,nor,country
Stacy Edwards,wife,entire
Troy Mclaughlin,life,out
Jose Wallace,father,know
Stephen Hernandez,mouth,box
Jenna Jenkins,yourself,his
Ann Smith,direction,enter
Jose Wallace,measure,mouth
Bryan Richardson,less,compare
Matthew Cannon,rich,herself
William Stewart,whole,discover
Laura Chapman,standard,research
Nicole Cooper,talk,suggest
Jennifer Jones,others,behavior
Andrew Hall,often,leg
Robert Kelley,capital,involve
Annette Miller,president,down
Jennifer Jones,improve,hit
Katrina Wilcox,exist,each
Adam Acevedo,world,surface
Wesley Levy,picture,or
Debra Glover,white,continue
Amy Colon,yard,concern
Colin Roberson,return,on
Destiny Perez,offer,audience
Greg Hall,candidate,including
Donna Robinson,seat,issue
Zoe Dyer,along,major
Jeremy Smith,various,increase
Elizabeth Salazar,six,structure
Jaime Luna,player,start
James Brown,why,drop
Matthew Cannon,simple,mission
Jenna Jenkins,resource,into
Destiny Perez,threat,interesting
Nicole Cooper,pressure,phone
Donald Deleon,number,stand
Lisa Maddox,although,see
Wesley Levy,it,we
Jennifer Castillo,those,adult
Chelsea Smith,wish,maintain
Tammy Ryan,teacher,pattern
Donna Robinson,long,during
Luis Burnett,argue,large
Andrea Brown,provide,bit
Jay Montes,personal,medical
Heather Bentley,have,realize
Jonathan Fowler,blood,series
Anthony Dawson,growth,economy
Mary Rivera,hear,while
Ann Smith,positive,Congress
James Brown,charge,buy
Paul White,thing,out
Christopher Zavala,view,appear
Cheryl Burke,him,easy
Heather Bentley,street,center
Debra Glover,four,walk
Dustin Diaz,house,young
Steven Hamilton,increase,power
Jacob Dominguez,per,experience
Elizabeth Salazar,issue,call
Steven Hamilton,nothing,religious
Mark Costa,himself,magazine
Jay Montes,act,difference
Mark Costa,least,stock
Amanda Hood,the,democratic
Christopher Wright,clearly,street
Brian Francis,manager,form
Jenna Jenkins,indeed,nearly
Jeffrey Sloan,business,air
Elizabeth Salazar,special,station
Jeffrey Kelley,certainly,any
Jose Wallace,true,however
Jennifer Jones,represent,speak
Brenda Reed DDS,cup,wonder
Brian Hawkins,heart,later
Lisa Maddox,society,half
Christopher Zavala,art,together
Mark Costa,can,scene
Donald Deleon,old,go
John Torres,claim,paper
Brandon Ross,test,southern
Jennifer Miranda,wait,assume
Angela Wright,among,exactly
Brandon Ross,wonder,tax
Destiny Perez,like,message
Wyatt Bautista,arrive,smile
Dustin Diaz,understand,smile
Clinton Wiggins,discuss,house
Tiffany Casey,across,defense
Jeremy Smith,security,pattern
Tiffany Casey,marriage,argue
Stephen Hernandez,night,result
Christopher Eaton,investment,hope
Dustin Diaz,realize,down
Amy Colon,medical,course
Sara Snyder,recently,whose
Kurt Roman,majority,low
Jennifer Jones,mission,check
Chelsea Jones,relationship,age
Timothy Watson,sit,radio
Donald Deleon,let,air
Sara Snyder,large,impact
Brenda Reed DDS,near,skill
Jonathan Johnson,receive,movie
Mary Rivera,brother,box
Adam Acevedo,goal,carry
Ruth Powell,drop,general
Pamela Lawrence,finish,carry
Andrew Baker,space,street
Jeffrey Kelley,executive,rise
Andrew Miller DDS,responsibility,might
Ann Smith,leave,study
Laura Chapman,between,place
Mark Costa,smile,weight
Barbara Davis,focus,rate
Deborah Sexton,choose,big
Ann Smith,sound,will
Joseph Martin,short,window
Jeremy Smith,health,fund
James Brown,bag,yes
Andrew Hall,huge,concern
Stacy Edwards,situation,increase
Jennifer Castillo,anyone,yard
Jonathan Fowler,ability,source
Andrew Miller DDS,early,coach
Nicole Cooper,citizen,medical
Dustin Diaz,prove,need
Jennifer Miranda,decision,need
Joseph Martin,trip,analysis
Wyatt Bautista,see,none
Jennifer Jones,time,not
Jay Montes,room,around
Jeremy Smith,statement,people
Joanna Sheppard,newspaper,water
Elizabeth Salazar,building,care
Jenna Jenkins,keep,rock
Jennifer Castillo,soon,themselves
Stacy Edwards,late,activity
Pamela Lawrence,foreign,you
Greg Hall,agreement,surface
Jeffrey Sloan,list,offer
Troy Mclaughlin,bed,base
Ann Smith,section,factor
Mark Costa,yet,maintain
Adam Acevedo,drive,pattern
Gina Dunlap,he,list
Amanda Hood,believe,heavy
Sara Snyder,lot,industry
Clinton Wiggins,music,according
Annette Miller,assume,who
Stephanie Peterson,serious,establish
Joanna Sheppard,reduce,notice
Carrie Taylor,animal,practice
Brenda Reed DDS,she,law
Christopher Wright,performance,meet
Jeffrey Sloan,particularly,see
Jose Wallace,never,American
Stephanie Peterson,second,card
Jimmy Yang,know,art
Debra Glover,become,us
Sergio Rivera,imagine,now
Jacob Dominguez,board,reflect
Lisa Maddox,suffer,join
Pamela Lawrence,key,than
Jenna Jenkins,through,end
Ruth Powell,officer,cell
Mark Costa,sea,truth
Tammy Wood,attention,during
Dean Parker,program,him
Jeffrey Sloan,another,thought
Heather Bentley,close,minute
Adam Acevedo,family,audience
David Stanley,fight,thousand
Brenda Reed DDS,author,get
Brian Hawkins,eye,popular
Adam Acevedo,trial,stop
David Stanley,use,specific
Nicholas Petersen,book,gas
Chelsea Jones,begin,trade
Matthew Cannon,edge,so
Donald Deleon,operation,sing
Tammy Ryan,dream,group
Amy Colon,type,still
Elizabeth Smith,several,real
Jennifer Horne,which,relationship
Suzanne Alexander,clear,likely
Wyatt Bautista,owner,head
Debra Glover,crime,myself
Deborah Sexton,your,section
Brian Francis,bar,television
Gina Dunlap,wall,glass
Anne Holland,fact,above
Karen Gray,difference,itself
Barbara Davis,news,explain
James Gardner,source,artist
John Torres,sell,family
Jay Montes,wide,player
Jacob Dominguez,all,author
Colin Roberson,yeah,drop
Sergio Rivera,with,current
Heather Bentley,add,work
Laura Chapman,upon,for
Jose Wallace,fund,region
Luis Burnett,voice,job
Tammy Wood,cause,office
Katrina Wilcox,determine,provide
Gina Dunlap,reveal,most
Kristen Elliott,think,office
Nicholas Petersen,during,weight
Deborah Sexton,evidence,support
Christopher Wright,court,collection
Jimmy Yang,year,hotel
Tammy Wood,company,degree
Brandon Ross,staff,candidate
Jose Wallace,quality,wind
Christopher Zavala,event,structure
Jacob Dominguez,PM,here
Mary Rivera,important,financial
Anthony Dawson,quickly,half
Carrie Taylor,born,area
Karen Gray,participant,expert
Anne Holland,message,nearly
Colin Roberson,raise,water
Jennifer Miranda,international,laugh
Jennifer Castillo,nice,general
Christopher Wright,lawyer,clear
Jennifer Jones,ball,deal
Anthony Dawson,part,collection
Christopher Wright,they,meeting
Jose Wallace,at,official
Wesley Levy,move,international
Greg Hall,career,plant
Jennifer Horne,without,something
Zoe Dyer,prepare,world
Chelsea Smith,possible,only
Annette Miller,future,fact
Stephanie Peterson,recent,produce
John Torres,care,network
Jimmy Yang,real,out
David Stanley,cell,child
Suzanne Alexander,remain,nearly
Stephanie Peterson,approach,name
Debra Glover,single,reality
Jennifer Castillo,would,interest
Joseph Martin,her,myself
Timothy Watson,head,hope
Chelsea Jones,if,mission
Paul White,base,change
Colin Roberson,tree,significant
Suzanne Alexander,government,person
Steven Hamilton,sign,happen
Annette Miller,affect,cup
Destiny Perez,teach,girl
Sergio Rivera,write,success
Heather Bentley,billion,mouth
Suzanne Alexander,scientist,become
Sergio Rivera,radio,occur
Dean Parker,last,off
Pamela Lawrence,difficult,coach
Wyatt Bautista,class,cover
Stephen Hernandez,back,join
Anthony Dawson,mean,hotel
Tiffany Casey,manage,difference
Aaron Smith,consumer,wall
Mary Rivera,outside,herself
John Petersen MD,couple,likely
Suzanne Alexander,level,responsibility
Jonathan Fowler,fly,sit
Annette Miller,you,civil
Tiffany Casey,better,billion
Mary Rivera,so,guess
Heidi Russo,this,record
Jeffrey Kelley,answer,material
Nicole Cooper,walk,cut
Julie York,contain,school
Sara Snyder,politics,range
Christopher Eaton,strong,move
Adam Acevedo,seem,rule
James Brown,Congress,property
Jonathan Johnson,home,foot
Greg Hall,nature,during
Sergio Rivera,describe,certain
Mark Costa,drug,play
William Stewart,foot,improve
Jacob Dominguez,course,parent
Elizabeth Salazar,for,agency
Amanda Hood,decade,term
Colin Roberson,sometimes,wife
Angela Wright,woman,girl
Jay Montes,where,wind
Andrew Baker,green,lay
Andrew Hall,film,author
Sara Snyder,next,member
Jennifer Castillo,easy,ability
Jennifer Horne,policy,country
Tammy Wood,law,material
Ann Smith,recognize,later
Barbara Davis,week,decision
Nicole Cooper,new,still
Debra Glover,because,lawyer
Tammy Ryan,interest,speech
Mary Rivera,give,movement
Hannah Floyd,design,tree
Jennifer Castillo,central,matter
Troy Mclaughlin,agent,ball
Chelsea Smith,common,painting
Paul White,free,order
Jonathan Fowler,inside,keep
Steven Hamilton,take,respond
Hannah Floyd,not,choice
Joanna Sheppard,control,later
James Gardner,hope,term
Andrew Baker,best,unit
Dean Parker,popular,poor
Annette Miller,kid,notice
Stephen Hernandez,general,article
Pamela Lawrence,pass,kitchen
Troy Mclaughlin,member,small
Adam Acevedo,kitchen,hope
David Stanley,material,federal
Amanda Hood,area,drug
Ruth Powell,sing,help
Amanda Hood,ever,feeling
Clinton Wiggins,movement,now
Robert Kelley,arm,include
Clinton Wiggins,authority,third
James Brown,hotel,though
Dean Parker,official,certain
Chelsea Smith,hospital,hope
Aaron Smith,significant,certainly
Joanna Sheppard,off,there
Julie York,tend,trade
William Stewart,son,rise
Bryan Richardson,population,people
Ruth Powell,specific,show
Greg Hall,both,quickly
Jenna Jenkins,visit,never
Timothy Watson,these,glass
Stacy Edwards,feel,people
Ryan Giles,current,add
Heather Bentley,either,on
Robert Kelley,much,financial
Richard Santiago,reality,drug
Tiffany Casey,method,think
Aaron Smith,address,writer
Dustin Diaz,star,property
Anthony Dawson,us,administration
Jeffrey Sloan,according,case
Jonathan Johnson,tough,her
Eric Cole DDS,day,herself
Amanda Hood,probably,guess
Stephanie Peterson,structure,shoulder
Elizabeth Salazar,include,pass
Amanda Hood,support,situation
Ruth Powell,word,ok
Angela Wright,state,nothing
Wesley Levy,consider,program
Carrie Taylor,light,heart
Brian Hawkins,customer,scientist
Steven Hamilton,two,whose
Eric Cole DDS,apply,interesting
Wesley Levy,deep,our
Jose Wallace,still,specific
Bryan Richardson,big,short
Robert Kelley,rock,travel
Ruth Powell,will,effect
Greg Hall,church,enough
Jose Wallace,today,executive
Tammy Wood,plant,artist
Donald Deleon,language,care
Jaime Luna,professional,happen
Zoe Dyer,bad,us
Andrew Hall,left,walk
Donald Deleon,food,once
Karen Gray,nearly,building
Sara Snyder,many,television
Gina Dunlap,culture,task
Tiffany Casey,economic,measure
Jose Wallace,degree,finish
Sergio Rivera,behind,conference
Katrina Wilcox,matter,protect
Jose Wallace,above,employee
Timothy Watson,listen,bad
Debra Glover,indicate,social
Jimmy Yang,face,cost
Tammy Ryan,power,truth
Suzanne Alexander,produce,short
Jay Montes,coach,question
Jose Wallace,win,feel
Joseph Martin,present,add
Chelsea Jones,already,rate
Jeremy Smith,car,film
Christopher Eaton,mention,stock
Mark Costa,stay,move
Kurt Roman,item,line
Christopher Wright,daughter,effect
Luis Burnett,color,check
Brenda Reed DDS,stand,two
Gina Dunlap,challenge,involve
Dustin Diaz,travel,newspaper
Brian Hawkins,condition,thing
Nicholas Petersen,bring,line
Jay Montes,adult,quickly
Christopher Eaton,civil,travel
Laura Chapman,find,design
Nicholas Petersen,science,billion
Andrew Hall,rise,teach
John Petersen MD,production,similar
Elizabeth Salazar,somebody,chair
Tiffany Casey,just,whether
Amanda Hood,pick,dog
Timothy Watson,machine,investment
Bryan Richardson,poor,process
Brian Hawkins,management,his
Dustin Diaz,case,enough
Christopher Eaton,energy,history
Heather Bentley,reflect,opportunity
Jimmy Yang,fast,heavy
Amanda Hood,factor,training
Brenda Reed DDS,oil,nearly
Richard Santiago,catch,sea
Mark Costa,body,task
Brian Francis,shoulder,vote
Elizabeth Smith,every,guess
Dustin Diaz,check,power
Jenna Jenkins,build,contain
Jennifer Jones,door,fear
Ann Smith,work,concern
Lisa Maddox,tax,though
Heidi Russo,hair,much
Adam Acevedo,financial,important
Katrina Wilcox,social,watch
James Brown,watch,serious
Jose Wallace,range,out
Mary Rivera,election,scene
Ann Smith,after,explain
Katrina Wilcox,into,push
Jonathan Fowler,north,position
Andrea Brown,field,southern
Tiffany Casey,before,hospital
Andrea Brown,story,might
Laura Chapman,leader,by
Steven Hamilton,box,generation
Timothy Watson,decide,smile
Andrew Miller DDS,hour,matter
Troy Mclaughlin,effect,particular
Barbara Davis,water,opportunity
Jenna Jenkins,institution,never
Stephanie Peterson,age,Congress
Jacob Dominguez,dark,buy
Jacob Dominguez,southern,to
James Gardner,position,anything
Donna Robinson,hard,religious
Troy Mclaughlin,federal,artist
Joanna Sheppard,office,moment
Amy Colon,safe,us
Kristen Elliott,expert,window
Pamela Lawrence,writer,card
Robert Kelley,sport,hit
Adam Acevedo,result,community
Elizabeth Salazar,defense,fund
James Brown,in,result
Debra Glover,floor,yet
Tammy Wood,herself,successful
Christopher Eaton,effort,make
Donna Robinson,study,manage
Aaron Smith,show,blue
Troy Mclaughlin,man,put
Robert Kelley,miss,animal
Karen Gray,small,opportunity
Debra Glover,rather,goal
Stacy Edwards,fine,sing
Jeremy Smith,enough,PM
Anthony Dawson,dog,sit
Andrea Brown,perform,explain
Tammy Wood,seek,spend
Pamela Lawrence,likely,hundred
Ann Smith,painting,author
Sergio Rivera,soldier,sometimes
Andrew Hall,by,realize
Elizabeth Smith,cost,him
Brenda Reed DDS,husband,guess
Joanna Sheppard,front,hope
Ryan Giles,explain,entire
Andrew Miller DDS,century,put
Jenna Jenkins,TV,range
Wesley Levy,a,occur
Nicholas Petersen,individual,effect
Eric Cole DDS,including,heart
Elizabeth Salazar,country,she
Hannah Floyd,start,really
Chelsea Jones,one,father
Wesley Levy,network,across
Andrew Miller DDS,former,job
Brian Hawkins,past,say
Nicholas Petersen,point,about
Jose Wallace,avoid,two
Elizabeth Salazar,trouble,hope
Timothy Watson,project,idea
Colin Roberson,sure,popular
Donald Deleon,education,be
Bryan Richardson,compare,chance
Annette Miller,land,happen
Debra Glover,moment,vote
Jacob Dominguez,entire,bill
Heidi Russo,I,base
Jennifer Jones,figure,anything
Suzanne Alexander,step,few
Jaime Luna,city,sister
Brandon Ross,we,minute
Greg Hall,go,sell
Jenna Jenkins,together,from
Annette Miller,full,worker
Jose Wallace,from,news
James Brown,account,field
Steven Hamilton,throw,much
Dean Parker,worry,value
Robert Kelley,fear,way
Heidi Russo,particular,leader
Heidi Russo,appear,organization
Stacy Edwards,onto,scene
Annette Miller,image,yeah
Matthew Cannon,girl,know
Luis Burnett,require,hundred
Christopher Eaton,system,six
Joseph Martin,reason,level
Ruth Powell,organization,either
David Stanley,allow,record
Jose Wallace,stock,fast
John Torres,skin,would
Donna Robinson,some,everybody
Jonathan Johnson,wrong,rate
David Stanley,camera,today
Dean Parker,physical,Mrs
Hannah Floyd,television,benefit
Ryan Giles,under,black
Debra Glover,question,measure
Stephanie Peterson,three,style
Nicholas Petersen,very,big
Brian Francis,people,stop
Lisa Maddox,anything,cut
Cheryl Burke,down,simple
Troy Mclaughlin,bank,purpose
Richard Santiago,garden,lose
Donald Deleon,lead,resource
Amy Colon,media,never
Suzanne Alexander,shake,floor
Jennifer Miranda,firm,huge
Tiffany Casey,child,sea
Ann Smith,interview,phone
Stephen Hernandez,administration,often
Lisa Maddox,national,expert
Pamela Lawrence,accept,theory
Karen Gray,process,arrive
James Gardner,Republican,dream
Ryan Giles,might,must
Destiny Perez,meet,boy
Steven Hamilton,throughout,court
Annette Miller,everybody,paper
Jaime Luna,also,today
Eric Cole DDS,create,power
Ryan Giles,surface,build
Bryan Richardson,generation,respond
Kurt Roman,model,finish
Tammy Ryan,attack,none
Brian Francis,service,stock
Clinton Wiggins,note,pay
Andrew Miller DDS,grow,only
Greg Hall,money,executive
Wesley Levy,human,themselves
Stacy Edwards,break,serve
Julie York,conference,oil
James Gardner,detail,during
Christopher Zavala,environment,manager
Debra Glover,put,fire
Jennifer Horne,suggest,born
Debra Glover,debate,rate
Jeffrey Sloan,be,to
Barbara Davis,make,whom
Chelsea Smith,quite,establish
Brian Francis,doctor,off
Ruth Powell,ago,among
Tammy Wood,ten,near
Joseph Martin,major,live
Paul White,opportunity,respond
Donald Deleon,heavy,involve
Pamela Lawrence,pattern,thus
Jimmy Yang,my,amount
Joseph Martin,dinner,most
Joanna Sheppard,training,they
Andrew Miller DDS,morning,know
Cheryl Burke,alone,discuss
Jennifer Castillo,whose,most
Ruth Powell,send,whose
Elizabeth Smith,say,doctor
Luis Burnett,speech,agreement
Andrea Brown,party,involve
Nicholas Petersen,share,leave
Cheryl Burke,stuff,term
Jacob Dominguez,sense,thought
Chelsea Smith,west,consumer
William Stewart,unit,situation
Ann Smith,whom,news
Jenna Jenkins,fall,strong
Eric Cole DDS,card,on
Andrea Brown,red,budget
Heidi Russo,kind,senior
Christopher Zavala,reach,mouth
Wesley Levy,far,beat
Robert Kelley,game,soon
Stephanie Peterson,always,perhaps
Tammy Ryan,more,decision
Chelsea Smith,guy,couple
Robert Kelley,center,three
Christopher Zavala,third,development
Robert Kelley,south,work
Jaime Luna,price,style
Annette Miller,trade,during
Stephen Hernandez,form,own
Tammy Wood,data,shake
Andrew Baker,thought,large
Christopher Zavala,product,huge
Wyatt Bautista,do,political
Heather Bentley,rate,group
Ruth Powell,peace,guy
Troy Mclaughlin,what,often
Heather Bentley,window,safe
Heather Bentley,vote,possible
Aaron Smith,professor,property
Ryan Giles,option,concern
Brenda Reed DDS,hit,program
Elizabeth Smith,ahead,while
Heidi Russo,idea,issue
Gina Dunlap,change,human
Brian Francis,laugh,place
Greg Hall,usually,animal
Andrew Miller DDS,total,worry
Jose Wallace,pull,together
Steven Hamilton,weight,want
Timothy Watson,save,real
Karen Gray,within,should
Jay Montes,beautiful,both
Julie York,mind,in
Adam Acevedo,top,activity
Laura Chapman,read,today
Zoe Dyer,series,contain
Heather Bentley,store,coach
Carrie Taylor,even,almost
Angela Wright,behavior,standard
Anne Holland,any,cell
Adam Acevedo,interesting,finish
Julie York,similar,will
Stephen Hernandez,must,know
Debra Glover,who,involve
Mary Rivera,spend,east
Wesley Levy,final,organization
Joanna Sheppard,artist,oil
Katrina Wilcox,score,recently
Andrew Miller DDS,war,world
Brandon Ross,fish,describe
Clinton Wiggins,natural,ground
Angela Wright,lose,fear
Andrew Miller DDS,itself,story
Tiffany Casey,report,too
Jennifer Horne,choice,talk
Jeffrey Kelley,no,they
Jonathan Fowler,draw,little
John Torres,name,leg
Brian Francis,action,each
Brandon Ross,order,what
Greg Hall,follow,similar
Greg Hall,fire,education
Joseph Martin,well,exactly
Tammy Ryan,else,box
Kurt Roman,that,method
Paul White,none,moment
Donna Robinson,subject,camera
Anne Holland,eat,receive
Ryan Giles,try,mean
Zoe Dyer,each,before
Andrew Baker,rule,wall
Jonathan Johnson,minute,off
Ruth Powell,theory,movie
Donna Robinson,enter,guy
Ryan Giles,half,key
Joseph Martin,experience,public
Colin Roberson,evening,girl
Paul White,successful,Republican
Kristen Elliott,there,yes
Nicholas Petersen,seven,head
Christopher Wright,its,growth
Luis Burnett,his,chance
Laura Chapman,develop,foreign
Cheryl Burke,way,budget
Christopher Zavala,toward,light
Bryan Richardson,serve,foreign
James Gardner,million,ever
Annette Miller,meeting,site
Stephanie Peterson,identify,occur
Brandon Ross,pay,itself
Jennifer Castillo,practice,I
Colin Roberson,station,responsibility
Annette Miller,gun,debate
Stephanie Peterson,low,rule
Brian Francis,chair,song
Destiny Perez,on,box
Christopher Eaton,response,next
Christopher Zavala,memory,participant
Amanda Hood,benefit,southern
Bryan Richardson,traditional,get
Steven Hamilton,of,pass
William Stewart,their,event
Anne Holland,get,example
Steven Hamilton,beyond,set
Joanna Sheppard,almost,art
Joanna Sheppard,fill,style
Suzanne Alexander,lay,color
Jimmy Yang,over,significant
Joseph Martin,term,strategy
Jennifer Jones,town,office
Suzanne Alexander,feeling,action
Jonathan Johnson,right,pretty
Sergio Rivera,notice,history
Jennifer Castillo,themselves,young
Sara Snyder,beat,condition
Christopher Zavala,bill,entire
Destiny Perez,property,economy
James Brown,carry,price
Wesley Levy,maintain,newspaper
Ryan Giles,end,then
Greg Hall,local,color
Julie York,campaign,sure
Gina Dunlap,stop,career
Christopher Eaton,away,food
Anthony Dawson,few,myself
Brian Francis,senior,with
Destiny Perez,help,bring
Ruth Powell,enjoy,wrong
Joanna Sheppard,partner,increase
Anne Holland,most,draw
Christopher Wright,me,treat
Ruth Powell,sister,fear
Zoe Dyer,treatment,always
Anthony Dawson,road,later
Amanda Hood,happy,imagine
Mary Rivera,little,it
Tammy Wood,market,apply
Tammy Ryan,mother,ago
Ryan Giles,magazine,maintain
Brenda Reed DDS,while,like
Tammy Wood,suddenly,relationship
Christopher Eaton,since,enjoy
Jenna Jenkins,join,somebody
Christopher Eaton,middle,appear
Annette Miller,wind,place
Luis Burnett,available,perhaps
Annette Miller,gas,sport
Colin Roberson,until,difference
James Brown,high,audience
Luis Burnett,young,father
Jennifer Miranda,job,Democrat
Luis Burnett,character,view
Sergio Rivera,good,relationship
Timothy Watson,continue,effect
Tammy Wood,ask,produce
Brandon Ross,leg,animal
Jeremy Smith,expect,eat
Matthew Cannon,involve,note
Christopher Eaton,finally,heart
Stephanie Peterson,rest,peace
James Gardner,buy,health
Andrew Hall,blue,main
Carrie Taylor,around,poor
Angela Wright,western,mention
Amy Colon,too,pay
Bryan Richardson,nation,those
Jonathan Johnson,want,board
David Stanley,open,option
Julie York,how,ground
Katrina Wilcox,really,could
Dustin Diaz,student,represent
Katrina Wilcox,hundred,whatever
Ryan Giles,summer,attorney
Jenna Jenkins,to,second
Anthony Dawson,yes,walk
Matthew Cannon,success,with
Joanna Sheppard,military,try
Steven Hamilton,learn,technology
Jeremy Smith,task,bad
Ryan Giles,up,entire
Mark Costa,discussion,dream
John Petersen MD,letter,size
Paul White,spring,Republican
Jenna Jenkins,certain,receive
Chelsea Jones,again,public
Stephanie Peterson,as,clearly
