east,stage,husband,1397-06-03 04:46:35
person,each,fall,1529-07-28 10:49:13
place,dinner,drop,0340-07-10 20:46:34
wear,finally,discuss,0973-04-21 07:04:09
occur,hair,staff,1711-08-08 13:32:15
knowledge,safe,stop,0151-05-03 23:25:59
myself,against,which,0053-09-10 18:07:42
our,peace,concern,0440-08-13 18:34:23
simply,quite,check,1662-10-24 17:09:36
despite,democratic,three,1848-07-25 01:27:22
thousand,even,than,0542-03-13 22:14:08
role,piece,at,0811-09-25 03:48:27
environmental,part,shoulder,1672-03-11 04:32:46
against,already,rest,1319-01-01 21:04:40
religious,old,front,1369-01-28 18:13:09
then,customer,evening,0191-12-01 21:53:40
school,lawyer,prepare,1552-10-05 16:41:57
later,then,institution,0590-10-22 10:38:13
prevent,probably,son,0288-12-10 07:26:04
computer,claim,everything,1643-11-03 23:14:20
development,of,station,1093-12-20 07:56:05
five,parent,that,1141-07-06 20:21:59
group,continue,effect,0364-02-09 10:46:42
college,high,sport,1104-01-07 06:55:36
technology,office,hard,0890-12-19 20:41:39
out,degree,material,1301-04-15 03:54:05
hot,form,across,0300-07-22 04:23:00
value,easy,company,0817-01-26 10:16:59
Mrs,show,laugh,0153-06-22 10:01:50
site,rule,month,1783-01-27 21:39:18
may,leader,close,1857-04-03 00:59:20
forget,family,recently,0046-02-16 03:48:19
commercial,idea,last,0175-10-23 09:18:06
instead,yeah,task,0217-06-28 20:50:29
first,enjoy,conference,1526-12-16 20:10:42
set,despite,administration,0414-10-13 00:53:04
hold,during,moment,0023-02-07 05:27:11
team,pattern,more,0675-07-03 11:51:49
live,skill,although,0630-03-08 15:29:43
only,president,list,1292-12-16 10:09:53
than,guy,young,0463-08-11 05:34:11
friend,show,present,1088-05-11 15:15:22
own,enter,break,0848-03-13 02:35:47
table,media,your,0478-01-06 02:33:38
scene,forward,bad,1541-01-20 04:50:38
same,run,week,0646-08-26 06:31:33
season,actually,meeting,0663-07-09 14:32:06
respond,gun,check,1990-01-24 12:07:48
parent,talk,age,1735-06-20 19:23:51
side,effort,that,1736-04-27 13:16:36
stage,compare,where,2002-06-28 18:32:32
everything,into,soon,1485-12-05 16:58:46
could,appear,most,1959-05-08 09:54:42
when,I,section,1302-10-28 14:28:47
police,third,defense,1901-09-30 22:23:18
such,back,surface,1428-06-02 01:16:12
something,above,in,1844-03-06 02:08:01
thank,stay,view,0786-12-03 07:48:08
about,value,report,1064-11-04 12:05:56
movie,key,natural,1893-01-05 03:14:47
American,quickly,support,1597-01-15 17:10:28
paper,rather,alone,1768-08-05 11:37:19
ok,investment,employee,0687-04-27 12:48:03
protect,quite,yet,0474-04-13 08:31:00
discover,between,but,1959-07-29 05:53:51
treat,movement,level,0162-11-19 21:05:21
song,bank,him,0026-02-01 09:20:45
boy,election,chance,1592-02-29 11:51:09
industry,leave,unit,0813-02-17 17:00:48
eight,author,protect,0485-05-30 18:15:29
modern,very,focus,1915-12-06 11:32:37
look,way,expect,1901-09-30 22:23:18
black,take,need,1400-08-18 07:59:35
ready,someone,part,1540-05-14 12:28:02
push,wish,reveal,1503-01-02 13:47:08
guess,purpose,federal,1208-11-24 21:30:45
employee,end,see,0584-01-26 07:27:28
piece,when,professor,0771-06-08 17:49:03
impact,fear,just,1443-06-06 21:34:54
play,each,not,1343-11-29 04:02:45
research,authority,second,0799-10-08 11:21:11
great,my,bill,1270-10-04 18:26:44
or,conference,according,1091-02-12 00:11:57
amount,Mr,minute,1662-09-16 21:53:14
region,do,still,1863-08-29 07:43:11
everyone,upon,film,0863-08-19 15:43:34
hand,one,technology,1696-10-23 00:33:09
exactly,fall,yourself,1985-03-29 01:13:30
should,several,point,0341-07-21 20:59:09
political,decision,voice,0278-06-03 11:29:21
information,eye,politics,1025-01-18 07:17:58
public,support,military,0877-05-22 07:52:39
different,high,capital,1545-01-24 04:19:13
concern,wind,single,1085-07-12 16:48:10
collection,perform,between,1736-04-27 13:16:36
chance,similar,say,0646-08-26 06:31:33
example,money,agent,1174-04-24 12:28:23
article,above,test,0641-03-06 04:35:48
purpose,citizen,late,1447-08-06 19:11:10
bit,line,system,0758-01-07 14:10:06
risk,beat,week,0666-05-07 07:29:15
here,better,record,0695-01-25 06:37:00
history,run,sport,1397-11-09 17:20:44
turn,talk,listen,1803-07-19 14:13:18
remember,consumer,food,1735-04-06 11:26:08
pretty,hundred,building,0827-08-08 12:37:12
actually,age,study,1105-09-30 01:17:32
speak,each,help,0594-03-04 14:30:51
tell,from,out,0066-07-28 02:23:36
especially,hair,pass,0809-04-12 16:25:05
perhaps,ability,life,1850-04-12 04:43:49
but,view,language,0875-02-14 08:39:35
thus,number,right,1289-08-17 13:39:08
them,often,major,0487-05-14 08:45:35
sort,collection,strategy,1489-02-01 10:16:44
baby,sure,just,1036-10-09 22:01:20
happen,other,beat,1383-02-16 13:27:15
run,attorney,on,1434-03-07 23:04:44
force,everybody,his,1116-07-10 11:58:35
glass,treatment,policy,1428-04-04 22:53:36
tonight,real,civil,0534-12-09 15:49:04
necessary,manage,interview,1095-07-04 11:25:23
whether,him,answer,0670-09-14 18:46:14
main,medical,college,1428-09-13 16:49:26
and,reduce,care,0184-10-12 09:27:31
record,work,peace,1228-08-26 21:35:57
forward,successful,approach,0872-11-15 10:40:56
need,can,trip,0553-08-15 05:14:58
worker,boy,chair,0459-04-27 13:43:16
Democrat,the,special,0776-04-21 16:13:46
whatever,open,east,0822-09-30 06:25:12
other,boy,whole,0680-12-01 09:29:00
nor,four,best,1884-06-30 21:31:09
wife,push,care,1235-03-22 04:52:32
life,part,parent,0923-08-06 19:43:48
father,election,case,0048-07-12 16:16:55
mouth,newspaper,character,0952-10-25 13:19:39
yourself,himself,talk,1430-06-14 09:32:47
direction,table,scientist,0707-08-26 03:44:16
measure,campaign,third,1825-02-12 17:59:32
less,police,discuss,1290-06-25 03:00:28
rich,respond,word,1942-06-25 10:16:38
whole,effect,this,1752-06-14 22:34:52
standard,magazine,dream,1879-10-06 21:58:48
talk,surface,interest,1567-04-17 20:54:02
others,former,source,0839-04-17 21:55:39
often,visit,ok,1356-11-23 12:37:21
capital,finally,then,1036-02-18 22:53:42
president,too,talk,0440-08-13 18:34:23
improve,run,deep,0992-08-23 07:06:44
exist,game,family,0190-06-09 16:35:17
world,name,force,1783-03-06 14:40:16
picture,information,police,1295-09-10 14:47:56
white,national,article,0074-03-18 06:52:04
yard,board,sit,0968-07-14 09:22:19
return,environmental,the,1036-02-18 22:53:42
offer,professor,lot,0798-01-23 15:12:05
candidate,inside,career,1469-02-28 01:28:13
seat,grow,series,1046-02-14 00:54:57
along,successful,industry,0713-06-12 16:51:45
various,around,might,1307-06-04 07:48:02
six,long,lead,1400-08-18 07:59:35
player,note,character,0913-03-28 22:53:21
why,least,reach,0703-07-06 01:03:43
simple,bar,section,1687-10-07 21:05:08
resource,science,large,0809-07-11 06:54:20
threat,oil,very,0363-04-27 06:37:52
pressure,data,hour,0909-08-27 09:46:43
number,recent,painting,0995-03-25 08:48:42
although,improve,though,0971-05-26 00:53:48
it,do,international,0643-09-13 22:37:47
those,respond,that,0205-08-06 16:29:27
wish,small,small,1445-01-30 18:40:41
teacher,economy,great,2002-08-29 15:41:09
long,enjoy,difficult,1875-02-23 13:23:13
argue,doctor,program,0232-07-04 03:59:42
provide,book,over,1256-09-27 16:15:49
personal,watch,heavy,1819-06-16 21:44:57
have,name,administration,0496-11-28 11:46:28
blood,draw,explain,0365-08-29 23:31:27
growth,stage,especially,1011-09-16 11:30:25
hear,actually,rest,1799-01-07 21:26:02
positive,picture,paper,0098-02-24 19:14:52
charge,world,how,0302-09-08 18:15:11
thing,husband,young,0815-02-26 19:58:41
view,appear,land,1986-12-16 18:39:57
him,as,environmental,0055-02-02 06:58:38
street,rock,style,0453-02-18 03:59:51
four,white,just,1219-03-21 11:56:31
house,reality,job,1458-01-25 15:25:26
increase,instead,establish,1279-06-08 22:15:33
per,financial,heavy,1390-03-14 06:04:14
issue,page,of,0526-09-24 07:50:03
nothing,near,board,1243-08-17 07:11:36
himself,environment,social,1062-12-09 06:17:01
act,capital,piece,1226-09-10 14:47:20
least,your,father,1481-01-27 02:10:38
the,drop,way,1553-05-21 21:47:09
clearly,huge,skin,1295-09-10 14:47:56
manager,American,particularly,1471-06-07 19:43:02
indeed,word,bar,0368-09-17 14:53:44
business,admit,by,0395-09-29 19:11:54
special,bar,now,1441-09-19 22:01:47
certainly,machine,occur,1190-02-23 05:06:52
true,anyone,sport,0806-12-03 04:18:09
represent,better,candidate,1026-02-06 00:13:31
cup,help,manager,1950-04-23 13:23:08
heart,heart,husband,0820-09-12 08:06:55
society,in,song,0758-01-07 14:10:06
art,executive,listen,1356-10-01 03:53:37
can,throughout,pressure,0023-10-08 18:18:43
old,take,hour,0386-04-22 00:12:42
claim,hot,major,0266-04-01 00:25:34
test,whom,generation,1361-02-02 12:11:40
wait,worker,you,0800-02-04 01:15:34
among,kind,newspaper,0976-11-14 13:40:21
wonder,bad,skin,0843-11-29 08:35:24
like,fast,respond,1897-06-25 13:21:40
arrive,there,movie,1785-01-15 09:19:11
understand,prepare,keep,0181-01-24 08:48:30
discuss,usually,dream,0729-08-26 17:54:01
across,reduce,ground,0049-09-14 11:01:22
security,trip,bank,0119-04-13 14:19:03
marriage,girl,cut,1589-11-22 19:06:01
night,billion,student,1446-08-03 11:08:09
investment,free,pressure,1281-10-01 03:19:38
realize,article,else,1886-06-04 12:15:30
medical,toward,ago,0986-07-27 12:10:48
recently,value,pay,1423-04-28 02:39:18
majority,rule,nice,0513-02-08 03:04:40
mission,camera,any,1798-11-12 12:05:22
relationship,idea,different,1216-10-08 22:09:40
sit,get,offer,0028-03-28 11:32:58
let,country,responsibility,0038-04-25 18:06:29
large,billion,land,1500-01-04 14:37:52
near,idea,key,0413-03-02 07:10:05
receive,cold,wonder,1586-10-05 00:54:42
brother,dog,candidate,0923-09-26 05:41:43
goal,drive,floor,1222-02-17 08:44:39
drop,first,exist,0710-06-16 00:05:58
finish,team,well,1284-12-25 19:15:20
space,perform,mother,1187-12-30 09:02:38
executive,several,unit,1017-02-04 15:37:46
responsibility,your,law,1049-03-13 20:41:57
leave,what,suffer,0783-09-07 19:09:20
between,without,likely,1260-08-08 20:17:50
smile,explain,also,1662-07-30 20:52:47
focus,base,fill,0524-07-18 11:39:19
choose,rich,argue,1030-01-08 09:11:29
sound,study,day,1162-12-23 11:43:02
short,hot,cover,0527-12-15 04:00:51
health,you,ability,0492-10-06 13:27:18
bag,bank,left,1542-09-29 11:16:48
huge,box,bed,1633-08-19 08:45:52
situation,nice,your,0266-11-09 19:19:16
anyone,baby,another,1019-07-05 03:55:33
ability,stuff,own,1539-11-30 07:57:59
early,article,bank,0878-09-19 21:25:53
citizen,when,these,1516-02-01 20:26:16
prove,age,heavy,1365-10-07 07:46:54
decision,community,return,0864-08-25 22:12:50
trip,value,she,1699-04-26 17:51:41
see,whole,really,1956-05-01 13:29:29
time,detail,size,1855-06-27 19:12:10
room,worry,bill,0379-12-19 07:56:35
statement,very,half,1669-09-26 03:46:46
newspaper,activity,TV,1145-01-22 10:15:15
building,fund,form,1870-08-23 16:07:21
keep,use,skin,0150-09-24 17:39:36
soon,building,president,0459-04-27 13:43:16
late,rate,style,0191-03-20 12:12:18
foreign,determine,just,0377-01-17 07:52:38
agreement,special,avoid,1479-04-08 04:39:55
list,ability,pick,1383-10-21 08:49:26
bed,several,natural,0753-08-03 21:14:09
section,agreement,north,1972-10-13 03:44:51
yet,school,itself,1500-01-04 14:37:52
drive,energy,street,1904-06-02 16:38:17
he,talk,break,0074-08-29 02:22:50
believe,physical,whole,0421-04-21 21:33:13
lot,may,training,1295-03-24 16:19:55
music,light,fine,0873-09-08 01:35:19
assume,authority,only,0377-01-17 07:52:38
serious,think,someone,1267-04-25 03:16:30
reduce,dog,actually,0668-07-08 21:39:18
animal,word,degree,1297-04-22 06:47:39
she,order,key,1216-10-08 22:09:40
performance,wrong,simple,1504-03-30 01:37:01
particularly,nearly,indicate,1520-12-15 02:31:12
never,reach,matter,0350-11-06 00:43:02
second,manage,before,0110-09-10 09:16:41
know,view,trip,1670-02-05 23:02:12
become,with,dream,0998-11-15 08:34:18
imagine,person,away,1417-07-29 03:16:30
board,benefit,contain,1735-06-20 19:23:51
suffer,offer,change,2009-04-11 20:17:25
key,month,investment,0917-06-30 06:14:41
through,hotel,service,1302-10-28 14:28:47
officer,attack,occur,0977-04-21 16:15:36
sea,wall,fact,0972-11-03 03:12:23
attention,new,enjoy,0704-06-23 07:14:15
program,away,price,0732-11-24 11:14:13
another,product,of,0297-11-18 11:32:39
close,direction,onto,1279-06-08 22:15:33
family,Democrat,once,0486-03-06 14:36:37
fight,tell,subject,0860-09-21 02:18:27
author,doctor,else,1944-03-18 02:56:24
eye,across,read,0758-09-24 13:05:52
trial,whatever,across,1463-11-14 18:40:20
use,wind,scientist,1262-03-20 08:35:25
book,imagine,share,0489-07-05 16:31:00
begin,seem,improve,0080-01-20 14:00:49
edge,very,east,0513-02-08 03:04:40
operation,information,recently,0195-10-15 03:46:53
dream,activity,station,0302-08-29 02:52:11
type,face,dark,1096-11-11 09:43:42
several,else,must,0556-08-15 01:59:31
which,short,such,0487-07-09 03:45:26
clear,effect,arrive,0122-03-11 10:23:40
owner,sit,type,1704-01-03 23:14:33
crime,risk,trial,0363-01-24 08:43:58
your,agent,produce,0576-12-27 12:43:49
bar,wonder,she,0005-05-09 11:39:19
wall,poor,human,0028-05-27 15:04:19
fact,natural,seat,1890-08-16 13:14:27
difference,though,interest,0201-10-02 07:52:05
news,represent,involve,1416-03-31 08:47:17
source,manage,deep,1999-08-26 05:29:26
sell,several,develop,1251-04-07 13:53:03
wide,almost,suddenly,1426-01-06 14:28:48
all,feel,to,1526-12-16 20:10:42
yeah,energy,shoulder,1522-03-24 04:54:17
with,eat,on,0299-05-28 18:40:41
add,enjoy,house,0796-03-22 03:44:07
upon,dinner,support,0800-02-26 03:09:50
fund,save,responsibility,0777-04-29 15:24:05
voice,adult,experience,0007-02-03 05:28:31
cause,tend,audience,1552-07-01 07:34:51
determine,sense,young,0735-11-09 01:39:17
reveal,win,no,0898-01-08 20:51:26
think,room,east,1308-02-14 10:03:50
during,financial,risk,1068-12-14 09:05:14
evidence,cold,city,1425-12-12 23:30:17
court,civil,the,0848-03-13 02:35:47
year,add,fear,0028-05-01 21:41:08
company,leg,feel,0931-03-29 08:02:14
staff,matter,front,1348-11-26 21:33:32
quality,election,agent,1660-04-26 08:05:57
event,continue,measure,0909-08-27 09:46:43
PM,think,prepare,1637-02-08 08:11:23
important,meet,security,1997-10-07 03:50:12
quickly,prove,article,0877-03-28 08:05:52
born,various,certainly,1677-11-27 19:28:54
participant,thus,sense,0956-11-11 22:31:31
message,describe,group,0331-02-21 17:33:17
raise,research,let,0001-07-04 20:31:36
international,not,policy,1983-11-22 19:36:43
nice,reach,carry,0050-03-30 07:47:25
lawyer,long,set,0066-03-16 22:48:12
ball,him,few,1701-02-06 09:20:57
part,you,court,0324-12-07 12:38:40
they,economy,base,1789-09-06 10:25:10
at,agency,foreign,1190-02-23 05:06:52
move,computer,more,1643-10-19 19:02:10
career,same,course,0718-12-08 04:03:49
without,possible,surface,0890-12-19 20:41:39
prepare,include,amount,0815-07-01 07:35:49
possible,involve,car,0655-12-21 14:43:35
future,source,leave,1096-12-15 18:20:37
recent,beyond,who,0478-10-26 12:32:12
care,bad,author,0448-11-06 13:15:29
real,item,bad,1267-02-07 01:52:28
cell,include,she,0668-07-08 21:39:18
remain,treatment,test,0523-05-26 10:54:50
approach,through,enough,0615-12-20 21:16:14
single,become,heart,1381-04-01 14:06:20
would,compare,mean,0568-01-02 08:09:04
her,traditional,red,0501-08-08 20:25:10
head,ground,should,0087-04-20 14:51:52
if,use,without,0776-04-21 16:13:46
base,treatment,forward,1017-10-29 14:15:41
tree,project,nature,0141-10-27 11:56:25
government,certainly,reveal,1320-03-08 19:32:08
sign,themselves,main,0174-07-27 22:05:50
affect,though,fire,1860-09-12 12:29:48
teach,pick,music,0349-09-23 12:55:30
write,fast,measure,0901-10-01 10:24:42
billion,decision,my,0225-10-12 10:37:04
scientist,state,like,0578-07-29 07:49:34
radio,west,conference,0805-11-04 17:15:08
last,dream,trial,0811-01-06 19:11:18
difficult,plan,standard,1870-03-24 17:15:11
class,prepare,here,1513-03-16 15:17:52
back,than,now,1894-12-12 13:56:40
mean,week,form,1696-01-02 03:15:10
manage,more,career,1430-11-11 12:32:34
consumer,actually,write,1892-09-30 15:11:52
outside,happy,loss,0440-07-11 08:44:51
couple,white,cut,1801-06-13 01:03:37
level,official,onto,1732-12-20 19:28:59
fly,explain,born,1135-01-21 14:06:16
you,speak,activity,1258-12-12 14:56:49
better,from,success,0873-02-22 00:07:10
so,lay,improve,1512-08-30 13:06:17
this,response,social,0101-12-30 17:25:18
answer,tree,student,1100-04-07 07:35:01
walk,third,defense,0438-10-17 09:18:05
contain,option,study,1351-12-20 12:54:54
politics,health,may,1690-10-30 06:56:16
strong,move,environmental,0703-07-06 01:03:43
seem,Congress,weight,0498-05-12 20:56:02
Congress,story,course,1612-07-07 22:06:19
home,like,include,0002-12-23 00:05:14
nature,matter,build,0925-07-14 23:00:14
describe,there,result,0378-02-02 16:16:35
drug,court,feeling,1102-08-03 06:02:01
foot,scientist,customer,0368-07-02 03:00:00
course,appear,economy,0992-09-14 08:25:13
for,then,up,1270-10-04 18:26:44
decade,important,sign,1319-11-29 12:31:03
sometimes,simply,camera,1099-04-26 14:55:41
woman,left,environment,1410-07-19 05:03:38
where,soldier,cold,0261-05-03 19:32:39
green,war,hope,0313-10-27 14:45:01
film,enough,central,1970-06-30 11:58:56
next,for,nearly,1444-11-11 23:36:39
easy,art,factor,0787-02-14 23:55:47
policy,consider,project,1921-11-10 14:30:19
law,then,common,1026-02-06 00:13:31
recognize,summer,sound,1003-08-02 05:27:17
week,food,early,0100-05-04 16:25:51
new,according,which,0729-04-14 04:52:38
because,control,challenge,0150-11-20 07:09:30
interest,early,let,1007-10-04 16:22:26
give,product,five,1617-10-10 00:24:12
design,television,individual,1831-08-29 04:22:09
central,laugh,serve,0881-07-13 03:11:32
agent,many,event,0113-02-04 11:05:43
common,education,exist,1135-01-21 14:06:16
free,special,particularly,1948-07-17 08:45:40
inside,stay,yard,1863-08-19 06:40:59
take,crime,shoulder,0027-05-12 18:21:12
not,get,appear,0385-05-30 03:12:19
control,time,himself,1306-08-29 21:17:04
hope,civil,not,1732-12-20 19:28:59
best,guess,party,0393-07-31 09:04:52
popular,very,thought,0919-04-09 06:27:51
kid,item,fact,1262-05-05 13:41:40
general,often,market,0153-11-19 02:22:24
pass,continue,care,0297-09-25 06:49:01
member,television,American,0798-09-05 19:17:33
kitchen,fine,or,0378-09-10 13:27:28
material,just,happy,1343-06-23 00:59:33
area,compare,up,0181-01-24 08:48:30
sing,family,poor,0728-03-23 02:46:43
ever,big,total,0873-09-08 01:35:19
movement,instead,listen,1931-05-29 18:51:50
arm,system,able,0118-01-10 08:12:10
authority,meet,community,1210-06-25 20:23:51
hotel,you,management,1918-02-08 22:18:00
official,bring,baby,1773-11-23 09:09:00
hospital,Congress,stay,2000-06-20 18:14:37
significant,above,this,1236-05-12 14:41:30
off,let,than,1210-06-25 20:23:51
tend,onto,forget,1805-04-27 11:13:45
son,us,night,1042-06-18 21:07:10
population,world,at,1171-01-05 06:58:01
specific,career,environment,0036-08-21 07:39:49
both,model,coach,0877-03-28 08:05:52
visit,car,lot,0377-01-17 07:52:38
these,represent,us,1829-11-30 02:58:42
feel,book,main,1657-09-09 03:43:42
current,sing,reality,1620-03-26 10:46:10
either,check,power,0742-07-30 01:18:53
much,important,event,1161-11-17 11:44:34
reality,some,industry,1990-01-24 12:07:48
method,subject,on,1839-06-08 19:49:36
address,low,indicate,1525-03-21 11:11:50
star,factor,probably,0883-08-09 03:27:13
us,TV,blue,0087-04-13 18:19:48
according,stop,system,1904-06-02 16:38:17
tough,behind,position,0382-04-14 11:58:41
day,the,appear,0748-09-26 13:27:28
probably,pattern,appear,0023-12-15 16:50:17
structure,edge,management,1176-08-31 15:06:59
include,create,issue,1113-03-13 08:31:03
support,agreement,rather,0823-09-15 01:43:48
word,pick,everything,0337-03-16 09:15:34
state,mention,night,0435-02-20 04:43:40
consider,sing,technology,0347-05-18 12:15:41
light,quickly,gun,1515-03-13 05:38:55
customer,across,degree,0898-08-15 07:01:27
two,different,determine,1714-08-14 20:50:12
apply,step,wall,0514-03-15 00:52:35
deep,you,follow,1716-05-19 18:18:46
still,control,interesting,1297-06-27 21:55:59
big,beyond,prevent,0375-12-01 08:45:26
rock,mission,response,1258-02-03 03:14:26
will,assume,play,1349-05-24 06:25:13
church,camera,pass,1085-07-12 16:48:10
today,place,worry,0476-06-20 22:33:38
plant,PM,short,1553-05-21 21:47:09
language,two,enter,0590-06-02 02:04:42
professional,name,town,1614-10-06 05:37:51
bad,only,loss,1088-05-16 04:48:23
left,customer,of,1135-04-23 11:30:33
food,young,state,1400-05-04 01:33:04
nearly,child,cut,0687-04-27 12:48:03
many,audience,step,0566-12-12 15:58:50
culture,right,us,1510-03-30 09:41:11
economic,person,series,1893-08-27 16:40:00
degree,road,specific,1972-11-09 17:55:44
behind,enjoy,order,1781-10-08 17:53:41
matter,treatment,several,1347-01-10 13:57:48
above,reflect,improve,0485-05-30 18:15:29
listen,expect,affect,0602-07-20 18:01:07
indicate,world,radio,0659-11-16 04:36:31
face,my,work,0779-05-02 04:02:33
power,stuff,approach,1380-08-01 14:06:34
produce,push,still,1432-05-27 19:02:43
coach,tax,central,0803-02-02 18:05:52
win,rest,himself,0047-11-05 11:54:55
present,quality,peace,0949-11-16 01:44:29
already,worry,table,1245-11-02 23:42:12
car,detail,expect,0547-06-13 16:58:28
mention,mission,either,0482-05-15 08:18:11
stay,design,travel,0790-07-20 10:36:03
item,gas,represent,1933-05-09 09:16:15
daughter,local,pretty,1366-03-14 03:47:56
color,keep,value,0074-02-03 07:57:37
stand,relationship,common,1007-04-12 13:07:28
challenge,management,wait,0208-06-27 10:09:05
travel,rise,work,1728-02-08 09:57:05
condition,really,try,1209-07-06 03:01:41
bring,authority,forget,1512-06-10 04:34:37
adult,goal,never,1242-07-30 14:22:54
civil,international,data,1026-11-03 00:31:33
find,least,mean,1732-12-20 19:28:59
science,mean,phone,0819-10-16 17:11:20
rise,policy,large,1445-01-15 21:38:39
production,ok,hot,0878-09-29 21:06:40
somebody,event,help,1400-04-13 04:56:43
just,Mrs,appear,1848-07-25 01:27:22
pick,hotel,itself,0363-04-27 06:37:52
machine,through,all,0066-07-28 02:23:36
poor,television,student,1007-02-11 16:26:16
management,fish,class,1799-07-10 11:50:58
case,tree,wind,1700-07-02 15:49:39
energy,million,cost,0872-06-21 17:26:11
reflect,country,group,0176-07-04 20:48:04
fast,president,mind,1890-02-06 23:45:47
factor,road,system,0856-01-18 00:11:29
oil,with,tough,1578-03-23 00:17:25
catch,why,south,0625-10-21 19:29:40
body,prepare,include,1602-09-10 09:50:58
shoulder,suffer,tonight,1267-02-07 01:52:28
every,either,only,0794-10-12 14:50:26
check,behavior,adult,0630-11-05 03:24:19
build,skin,receive,0835-10-19 13:50:24
door,life,the,0103-06-26 13:21:35
work,attack,across,0817-07-16 01:10:01
tax,community,successful,1407-07-01 22:14:06
hair,economy,there,1219-03-21 11:56:31
financial,during,budget,0988-09-01 05:58:10
social,occur,painting,0534-12-09 15:49:04
watch,sound,public,0482-05-15 08:18:11
range,bar,piece,0717-10-04 00:28:52
election,guess,before,1209-07-06 03:01:41
after,natural,close,1611-02-12 02:48:30
into,behavior,exist,1752-03-15 09:26:08
north,stock,century,1551-02-23 18:25:57
field,international,choice,1959-05-08 09:54:42
before,because,left,1240-04-07 18:15:22
story,should,system,2014-09-19 22:54:49
leader,food,enter,0657-03-29 14:28:00
box,day,serve,1198-11-15 09:23:41
decide,deep,billion,1016-04-11 01:45:50
hour,Republican,economic,1996-10-07 05:18:49
effect,save,save,0625-04-21 00:25:06
water,sister,development,0278-06-03 11:29:21
institution,shake,natural,0249-08-09 01:03:05
age,involve,happen,0399-08-11 14:01:44
dark,thought,across,0212-05-16 19:42:41
southern,eye,white,0287-04-23 12:08:46
position,personal,item,0849-08-09 10:59:45
hard,less,contain,1217-04-16 12:37:18
federal,service,appear,1477-10-06 15:55:23
office,game,design,0729-11-24 06:07:35
safe,education,meet,1440-04-05 00:24:09
expert,benefit,movement,1502-08-12 12:56:12
writer,strong,home,0922-08-04 14:39:55
sport,agent,show,0107-10-18 17:45:57
result,indeed,dark,1766-03-06 16:40:06
defense,record,field,0717-10-04 00:28:52
in,continue,director,1929-04-16 01:12:13
floor,receive,yourself,0240-05-11 13:04:19
herself,range,last,1843-05-02 11:06:55
effort,animal,appear,1045-09-05 14:23:51
study,into,word,0631-10-22 14:07:05
show,exactly,then,1537-01-26 01:34:25
man,commercial,account,1947-01-04 16:16:22
miss,you,company,0896-06-18 19:11:57
small,successful,practice,0444-07-10 12:37:39
rather,factor,director,1912-03-15 01:44:07
fine,worry,Congress,0995-05-03 23:12:35
enough,pass,night,1640-05-22 21:46:56
dog,college,six,0776-02-04 17:07:22
perform,evidence,claim,0593-12-19 15:03:39
seek,fire,business,1087-08-05 22:36:26
likely,own,guy,1026-11-03 00:31:33
painting,defense,else,0820-09-12 08:06:55
soldier,American,impact,0440-07-11 08:44:51
by,the,indeed,1425-12-12 23:30:17
cost,write,me,1838-05-22 10:26:21
husband,responsibility,return,0121-02-27 18:51:57
front,environmental,production,0450-07-04 01:58:58
explain,throughout,religious,1871-04-01 05:11:24
century,control,mother,0377-01-17 07:52:38
TV,set,collection,1617-06-18 18:32:21
a,color,way,1164-01-13 12:35:39
individual,argue,yard,0704-06-07 22:18:23
including,ahead,within,0556-08-15 01:59:31
country,answer,take,0736-06-16 06:49:42
start,on,property,0664-07-12 15:46:48
one,indeed,know,0126-03-09 07:50:10
network,candidate,conference,0888-06-02 00:27:39
former,age,someone,1760-03-10 09:24:26
past,most,newspaper,0431-07-25 08:42:19
point,example,magazine,1358-02-25 07:19:52
avoid,face,style,1149-04-28 15:59:02
trouble,computer,rest,0575-02-02 14:30:23
project,choice,minute,0287-10-06 07:16:54
sure,agreement,take,1380-08-01 14:06:34
education,strategy,less,0340-07-10 20:46:34
compare,money,movement,1617-06-18 18:32:21
land,serve,hand,0758-01-07 14:10:06
moment,throughout,election,1446-08-03 11:08:09
entire,yard,share,1041-12-31 17:53:53
I,modern,media,0388-05-13 04:19:00
figure,light,difficult,0652-06-04 23:00:57
step,you,stop,1542-04-16 09:13:50
city,hit,build,0431-07-25 08:42:19
we,difference,well,1141-06-13 01:34:44
go,response,research,0190-06-09 16:35:17
together,range,later,1834-07-27 03:43:09
full,fast,buy,0704-06-07 22:18:23
from,unit,nor,1616-08-28 14:40:14
account,own,however,0950-12-15 22:49:40
throw,always,general,0394-09-28 01:50:01
worry,leave,experience,0674-07-30 02:33:56
fear,paper,series,0474-01-11 02:06:51
particular,lead,trip,1112-08-05 08:58:57
appear,important,forward,1993-06-24 07:58:57
onto,message,let,0849-08-09 10:59:45
image,summer,single,0334-08-20 08:34:30
girl,smile,same,0036-08-21 07:39:49
require,travel,Congress,0839-04-17 21:55:39
system,relationship,born,0123-07-22 14:38:50
reason,a,worker,0108-09-17 08:19:50
organization,someone,executive,1581-12-05 01:48:09
allow,and,voice,0399-09-20 17:13:51
stock,capital,fight,1817-04-18 04:36:15
skin,mission,hotel,1441-06-23 16:32:24
some,hair,me,0489-07-05 16:31:00
wrong,line,mean,0845-06-12 14:01:06
camera,myself,likely,0996-12-04 12:11:08
physical,reduce,member,1750-04-03 04:04:00
television,environmental,nation,1467-01-12 00:25:56
under,focus,baby,1289-07-01 14:28:42
question,concern,much,1945-04-13 11:20:06
three,out,really,0619-08-23 09:53:15
very,our,fine,0852-08-27 00:18:34
people,production,choice,0212-05-16 19:42:41
anything,cost,more,1609-02-03 02:37:31
down,industry,statement,1836-08-03 18:17:23
bank,now,cost,1437-09-28 08:22:03
garden,must,recognize,0189-09-17 15:16:57
lead,painting,statement,1875-08-17 14:32:54
media,relate,rather,0215-02-23 08:54:14
shake,player,national,1685-12-11 15:02:18
firm,human,manage,0610-04-25 23:21:22
child,avoid,adult,0444-07-10 12:37:39
interview,usually,such,0664-07-12 15:46:48
administration,morning,player,0113-05-06 08:10:00
national,ten,church,0616-12-21 17:44:24
accept,why,base,0321-01-04 21:10:48
process,entire,enough,1983-08-06 07:09:34
Republican,draw,interest,0932-08-31 21:30:52
might,poor,scene,0545-05-16 04:25:52
meet,heart,project,0779-05-02 04:02:33
throughout,camera,cup,1397-06-03 04:46:35
everybody,keep,continue,0929-02-21 09:07:21
also,spend,recently,1040-02-15 11:05:45
create,value,information,0338-07-11 22:56:36
surface,year,right,0098-02-24 19:14:52
generation,rise,whole,1016-04-11 01:45:50
model,identify,black,0046-02-16 03:48:19
attack,economy,commercial,0461-03-05 13:34:23
service,kind,front,1933-05-09 09:16:15
note,argue,standard,1229-06-30 18:03:08
grow,prove,success,1591-12-14 08:26:34
money,possible,compare,0694-07-09 19:23:47
human,early,meet,0607-04-02 12:10:57
break,let,radio,0961-06-22 14:30:46
conference,central,data,0060-01-03 11:53:50
detail,little,industry,1577-03-21 20:12:36
environment,end,federal,1945-04-13 11:20:06
put,face,example,0333-07-13 18:22:50
suggest,individual,yes,1256-09-27 16:15:49
debate,car,thing,1744-07-05 04:52:39
be,walk,argue,1260-08-08 20:17:50
make,place,capital,0441-10-13 13:19:00
quite,decade,dinner,1485-01-30 16:57:56
doctor,artist,long,1938-03-24 06:43:47
ago,start,them,0348-02-19 20:17:26
ten,ability,these,0285-03-31 20:39:46
major,policy,put,1638-09-20 07:55:36
opportunity,I,effort,1981-04-29 06:11:50
heavy,hear,you,1469-02-28 01:28:13
pattern,easy,purpose,0873-09-08 01:35:19
my,nothing,letter,0785-07-07 13:36:39
dinner,surface,visit,1643-11-03 23:14:20
training,follow,help,0115-01-26 08:33:45
morning,student,plant,0093-06-10 16:19:13
alone,job,mind,1643-01-07 02:14:26
whose,thing,hard,1814-10-14 20:30:03
send,join,still,1112-08-05 08:58:57
say,born,stage,1549-05-10 03:01:37
speech,no,will,0878-06-10 23:47:54
party,crime,contain,1425-12-12 23:30:17
share,protect,contain,1651-01-15 17:00:28
stuff,conference,inside,0417-05-30 13:03:50
sense,lawyer,medical,0374-11-25 12:34:58
west,yard,consumer,0184-02-02 09:30:02
unit,end,scientist,1479-07-22 18:19:49
whom,Democrat,minute,1007-10-04 16:22:26
fall,soldier,meet,1099-03-08 13:44:14
card,specific,east,0719-08-07 23:24:46
red,mission,capital,1139-06-11 10:01:15
kind,since,activity,0746-04-23 01:31:58
reach,computer,explain,0263-10-08 12:39:56
far,conference,day,1990-07-16 11:28:51
game,movie,business,0872-11-14 18:39:30
always,sit,serious,1211-01-22 02:05:22
more,doctor,set,0747-09-27 12:11:40
guy,everybody,record,1794-12-06 19:08:13
center,white,chair,1168-02-21 23:04:23
third,himself,television,0212-07-27 16:16:36
south,training,four,1066-01-03 09:42:09
price,change,federal,0205-09-07 10:14:23
trade,few,actually,0191-03-20 12:12:18
form,item,case,1677-05-27 10:43:38
data,major,water,0603-07-26 14:56:45
thought,traditional,market,0121-02-27 18:51:57
product,century,election,0729-08-26 17:54:01
do,suffer,rest,0819-10-16 17:11:20
rate,sound,style,0258-11-09 12:07:43
peace,every,easy,0820-09-12 08:06:55
what,former,central,1248-10-11 19:06:00
window,meeting,time,1741-11-16 09:56:04
vote,others,check,0334-08-20 08:34:30
professor,thing,head,0324-12-07 12:38:40
option,data,themselves,0099-11-27 20:55:20
hit,position,skill,0271-01-11 21:38:42
ahead,material,response,1273-11-24 20:33:59
idea,Mrs,where,1590-01-02 01:27:42
change,science,agent,0907-08-29 08:39:00
laugh,paper,time,1761-07-01 18:28:44
usually,do,answer,1640-07-13 08:17:18
total,suddenly,wall,1046-08-22 21:41:30
pull,view,market,0547-01-15 11:01:05
weight,write,crime,0126-03-09 07:50:10
save,three,by,1448-08-01 12:46:41
within,kitchen,maintain,0333-07-13 18:22:50
beautiful,animal,same,1526-08-04 01:51:18
mind,ground,serious,1993-01-06 10:33:11
top,respond,late,1953-07-07 05:12:23
read,pull,try,1504-03-30 01:37:01
series,decade,dinner,0405-01-13 16:04:43
store,left,oil,1889-03-17 12:39:26
even,than,firm,1250-01-06 00:39:51
behavior,compare,little,0382-04-14 11:58:41
any,no,high,1632-08-30 01:40:55
interesting,me,point,0659-11-16 04:36:31
similar,pay,push,1226-05-07 04:29:13
must,indicate,art,1891-12-23 21:49:40
who,let,standard,1033-06-18 12:40:27
spend,structure,growth,1617-06-18 18:32:21
final,certainly,push,0263-12-13 06:44:21
artist,expect,great,1044-03-29 21:38:31
score,fear,house,1440-04-05 00:24:09
war,phone,such,0828-06-30 17:13:51
fish,music,future,0853-03-26 13:33:02
natural,political,board,0100-11-15 21:10:17
lose,campaign,sort,0373-03-18 21:50:28
itself,become,argue,0870-10-09 06:53:10
report,but,wait,1914-06-18 04:33:05
choice,her,stay,0977-11-11 01:48:33
no,customer,walk,1458-10-02 16:04:55
draw,discussion,any,1473-01-22 13:18:15
name,generation,cup,0732-03-22 00:58:58
action,them,new,0616-12-21 17:44:24
order,always,follow,0341-11-09 16:08:03
follow,major,home,0926-02-27 03:56:56
fire,in,write,0094-01-11 06:19:41
well,share,rise,0342-03-05 13:59:28
else,face,voice,1472-02-07 18:57:55
that,shoulder,we,0065-06-07 19:50:55
none,trip,try,1016-04-11 01:45:50
subject,them,ok,1431-01-11 21:18:24
eat,computer,area,0002-11-21 11:30:44
try,bring,world,1893-01-05 03:14:47
each,no,glass,1168-05-24 19:32:45
rule,organization,father,1702-02-11 05:01:30
minute,land,city,1883-06-08 05:03:14
theory,place,explain,0159-04-13 03:31:24
enter,by,remain,0906-01-20 07:16:30
half,alone,chance,0332-04-19 08:15:01
experience,put,baby,0632-07-22 02:12:06
evening,film,wonder,0224-02-10 03:59:04
successful,just,yet,0695-01-25 06:37:00
there,have,matter,1093-12-20 07:56:05
seven,daughter,write,0834-07-23 20:12:45
its,prevent,bag,0228-08-28 00:43:06
his,fish,rather,0084-08-03 05:02:59
develop,daughter,any,1100-12-06 04:36:54
way,win,would,1759-11-05 08:00:06
toward,hot,past,0501-03-31 21:06:36
serve,the,family,1829-03-18 16:43:51
million,significant,recent,0497-12-25 22:06:33
meeting,protect,low,1516-02-23 06:50:53
identify,reality,street,0070-07-12 02:12:16
pay,poor,too,2014-09-19 22:54:49
practice,scientist,tough,1476-10-01 13:18:05
station,above,garden,1678-10-26 20:30:37
gun,paper,of,1513-03-16 15:17:52
low,resource,likely,0867-05-14 20:57:20
chair,reveal,area,0002-12-23 00:05:14
on,care,commercial,0232-03-15 08:47:47
response,interest,focus,0701-04-11 02:07:50
memory,young,question,0909-01-19 16:08:16
benefit,resource,central,1742-11-01 23:00:58
traditional,this,great,0967-11-30 05:25:19
of,defense,instead,1069-01-08 03:36:41
their,never,professional,0377-01-17 07:52:38
get,weight,machine,1376-09-30 00:22:29
beyond,out,world,0164-05-18 07:37:12
almost,enter,expect,1302-02-22 04:30:54
fill,alone,entire,1264-09-24 05:37:14
lay,decade,keep,1450-02-08 08:57:20
over,grow,modern,1606-12-21 06:33:40
term,month,spend,1354-07-12 15:34:41
town,body,Mrs,0833-05-19 02:05:26
feeling,debate,require,1135-04-23 11:30:33
right,stuff,response,1906-06-12 22:58:03
notice,what,near,1007-02-11 16:26:16
themselves,machine,me,0747-11-22 16:32:20
beat,civil,speak,0729-08-26 17:54:01
bill,prevent,stop,1146-09-28 04:28:20
property,close,heavy,1010-02-01 12:45:24
carry,voice,place,0289-06-12 14:41:44
maintain,increase,director,0738-08-21 10:48:05
end,lead,happy,1174-04-24 12:28:23
local,evening,truth,0665-09-04 23:12:46
campaign,with,company,1971-11-27 08:02:46
stop,method,set,0145-09-29 04:45:26
away,become,trade,1454-07-26 04:33:47
few,experience,significant,0791-05-08 16:44:12
senior,truth,natural,1704-03-02 15:50:54
help,quickly,despite,0816-07-09 15:48:58
enjoy,him,single,0145-09-29 04:45:26
partner,organization,democratic,0266-04-01 00:25:34
most,financial,arrive,1669-09-03 17:25:15
me,game,future,1788-03-25 03:06:25
sister,better,from,1195-04-09 21:54:35
treatment,door,several,0527-12-15 04:00:51
road,recent,almost,1280-08-12 20:14:40
happy,future,rock,1251-04-07 13:53:03
little,up,vote,1836-01-17 07:30:34
market,enter,throw,0995-05-14 05:48:23
mother,among,serious,1757-10-21 00:22:45
magazine,hundred,security,1504-03-30 01:37:01
while,future,prepare,0836-05-12 15:40:30
suddenly,bad,per,0635-07-27 05:16:44
since,firm,hospital,1704-12-02 21:57:34
join,red,ahead,1808-04-07 12:45:30
middle,any,government,1617-06-29 23:16:17
wind,glass,cell,0547-06-13 16:58:28
available,professional,just,1111-07-06 05:51:39
gas,community,itself,0030-06-20 03:08:49
until,woman,enjoy,1955-01-27 20:44:41
high,me,strong,1297-02-15 05:41:52
young,enjoy,how,0417-05-07 11:32:32
job,his,still,0729-04-14 04:52:38
character,mother,forward,0025-04-10 17:48:32
good,student,then,0794-10-12 14:50:26
continue,family,effect,1271-01-15 17:49:36
ask,prevent,middle,0063-08-02 07:54:37
leg,red,significant,0157-03-01 16:56:45
expect,reach,stop,1918-12-01 13:37:25
involve,already,consider,0181-01-24 08:48:30
finally,its,gas,1302-10-28 14:28:47
rest,camera,when,0822-06-03 11:00:03
buy,result,involve,0794-10-12 14:50:26
blue,several,exactly,1620-03-26 10:46:10
around,explain,example,1766-02-19 01:38:30
western,final,field,1293-12-30 08:35:57
too,simply,someone,1502-03-22 12:40:44
nation,cell,thought,0024-02-29 22:28:16
want,specific,enough,1755-04-01 02:36:48
open,choice,allow,0595-01-29 02:45:00
how,marriage,perform,0828-06-30 17:13:51
really,focus,sure,1924-10-10 22:58:01
student,quickly,note,0435-02-20 04:43:40
hundred,evening,detail,1223-05-10 16:31:27
summer,stuff,too,1651-10-26 12:40:50
to,structure,statement,0301-04-11 12:14:30
yes,maintain,want,0715-08-04 09:02:15
success,end,author,1376-09-30 00:22:29
military,movie,lay,0983-07-07 17:54:47
learn,mention,ago,0800-08-02 23:59:46
task,identify,drop,0295-07-27 03:27:22
up,camera,bar,0608-06-21 23:47:34
discussion,lot,soldier,1459-02-17 09:49:06
letter,long,sure,1477-04-16 07:12:48
spring,response,movement,1517-12-07 23:53:37
certain,this,put,0088-12-16 03:03:17
again,rise,owner,1516-12-16 09:55:04
as,whatever,describe,0440-08-13 18:34:23
