east,range,parent
person,building,father
place,certainly,exist
wear,your,newspaper
occur,watch,someone
knowledge,your,debate
myself,modern,least
our,upon,line
simply,brother,while
despite,sister,statement
thousand,goal,approach
role,while,enjoy
environmental,choose,suggest
against,care,entire
religious,list,risk
then,car,sing
school,care,debate
later,evening,sound
prevent,discussion,within
computer,which,without
development,during,strong
five,how,stock
group,later,change
college,parent,glass
technology,evening,themselves
out,nature,scientist
hot,law,alone
value,suddenly,strong
Mrs,order,themselves
site,serious,without
may,rock,suffer
forget,like,already
commercial,others,learn
instead,us,threat
first,research,fact
set,cut,across
hold,ask,scientist
team,admit,wonder
live,song,offer
only,west,with
than,try,news
friend,myself,popular
own,bar,learn
table,event,trip
scene,various,religious
same,likely,Democrat
season,raise,blood
respond,example,sit
parent,song,executive
side,include,west
stage,create,glass
everything,discuss,development
could,leader,people
when,boy,threat
police,authority,maybe
such,however,news
something,administration,easy
thank,usually,difficult
about,work,while
movie,finally,economic
American,myself,water
paper,they,newspaper
ok,everything,maybe
protect,do,analysis
discover,rest,entire
treat,common,west
song,prevent,tonight
boy,forget,teach
industry,language,four
eight,west,sport
modern,when,when
look,participant,with
black,surface,wish
ready,we,child
push,political,approach
guess,bring,occur
employee,sell,news
piece,live,people
impact,employee,old
play,painting,nice
research,last,address
great,certainly,least
or,practice,value
amount,short,realize
region,check,attack
everyone,operation,in
hand,themselves,stock
exactly,mention,happy
should,often,with
political,serve,able
information,institution,Democrat
public,situation,address
different,simple,understand
concern,price,computer
collection,save,someone
chance,however,people
example,have,stage
article,development,while
purpose,there,participant
bit,understand,water
risk,view,old
here,up,hundred
history,his,tonight
turn,middle,month
remember,keep,most
pretty,soon,line
actually,maintain,ahead
speak,central,early
tell,mention,maybe
especially,could,during
perhaps,around,exist
but,stand,executive
thus,tell,great
them,help,newspaper
sort,case,treat
baby,size,suffer
happen,however,moment
run,purpose,condition
force,herself,water
glass,certainly,community
tonight,of,Democrat
necessary,inside,kind
whether,kid,easy
main,property,page
and,wife,although
record,indeed,wish
forward,explain,early
need,particular,when
worker,option,land
Democrat,identify,glass
whatever,near,plant
other,perhaps,tonight
nor,example,someone
wife,stock,blue
life,better,enter
father,father,certainly
mouth,morning,entire
yourself,relate,item
direction,per,without
measure,much,page
less,recent,parent
rich,letter,western
whole,stage,during
standard,final,prepare
talk,new,debate
others,soldier,strategy
often,protect,rate
capital,world,tonight
president,brother,land
improve,husband,across
exist,war,international
world,successful,good
picture,chance,someone
white,air,plant
yard,never,eight
return,attention,seat
offer,majority,prepare
candidate,young,herself
seat,detail,statement
along,old,mother
various,statement,common
six,responsibility,maybe
player,manage,four
why,player,everyone
simple,community,ability
resource,television,administration
threat,itself,enjoy
pressure,not,miss
number,entire,rate
although,scientist,mean
it,happy,executive
those,guess,when
wish,drop,community
teacher,include,inside
long,live,without
argue,sea,themselves
provide,authority,while
personal,above,sing
have,learn,community
blood,deep,central
growth,election,cup
hear,song,career
positive,play,herself
charge,see,sing
thing,participant,with
view,thousand,condition
him,us,stage
street,particularly,bad
four,radio,ball
house,if,available
increase,Mrs,store
per,age,able
issue,blue,kind
nothing,represent,scientist
himself,we,glass
act,any,history
least,sport,network
the,job,sometimes
clearly,plan,stay
manager,black,understand
indeed,exactly,draw
business,return,cup
special,system,bag
certainly,degree,world
true,time,month
represent,college,certainly
cup,lawyer,son
heart,know,stay
society,any,approach
art,mean,seat
can,machine,parent
old,police,trip
claim,entire,suggest
test,available,computer
wait,moment,prepare
among,later,our
wonder,political,stay
like,science,well
arrive,bring,Democrat
understand,reality,least
discuss,even,value
across,poor,offer
security,feel,final
marriage,however,community
night,include,page
investment,vote,tonight
realize,thousand,go
medical,head,police
recently,a,place
majority,share,response
mission,office,sometimes
relationship,which,early
sit,worry,seven
let,fly,herself
large,than,approach
near,father,adult
receive,entire,sound
brother,good,have
goal,bed,western
drop,morning,stage
finish,those,treat
space,quickly,within
executive,job,difficult
responsibility,wrong,line
leave,run,sit
between,though,certainly
smile,former,news
focus,cause,adult
choose,car,economic
sound,school,hundred
short,open,whose
health,one,strong
bag,end,ahead
huge,before,entire
situation,final,fact
anyone,speak,seven
ability,ask,although
early,anything,culture
citizen,line,would
prove,show,already
decision,list,eight
trip,make,able
see,still,sport
time,itself,when
room,question,final
statement,purpose,good
newspaper,personal,go
building,provide,while
keep,forward,when
soon,serious,rate
late,realize,network
foreign,process,rate
agreement,executive,draw
list,friend,reflect
bed,everything,stay
section,magazine,wonder
yet,bill,rate
drive,big,until
he,better,international
believe,Congress,without
lot,poor,threat
music,cost,international
assume,standard,until
serious,choice,analysis
reduce,race,suffer
animal,season,glass
she,yard,moment
performance,control,line
particularly,clearly,themselves
never,rate,address
second,they,agree
know,ahead,police
become,create,would
imagine,challenge,glass
board,after,rate
suffer,today,place
key,figure,go
through,fear,blood
officer,water,risk
sea,civil,fall
attention,threat,available
program,section,sit
another,her,sense
close,mean,control
family,feeling,culture
fight,argue,watch
author,low,another
eye,bill,guy
trial,admit,ahead
use,wait,scientist
book,politics,administration
begin,amount,in
edge,yet,go
operation,determine,many
dream,claim,sense
type,commercial,suffer
several,kitchen,across
which,worry,cup
clear,plan,wish
owner,else,tonight
crime,Republican,he
your,with,similar
bar,seat,finally
wall,history,address
fact,operation,miss
difference,official,seat
news,history,agree
source,hard,adult
sell,popular,keep
wide,analysis,teach
all,wife,sit
yeah,change,executive
with,system,wonder
add,father,news
upon,plan,land
fund,bar,whose
voice,determine,father
cause,born,prepare
determine,author,hundred
reveal,many,response
think,product,most
during,your,above
evidence,relate,kind
court,mention,many
year,while,would
company,rock,moment
staff,story,watch
quality,matter,early
event,entire,child
PM,teach,whose
important,goal,while
quickly,continue,enter
born,make,participant
participant,especially,approach
message,remember,another
raise,reveal,sport
international,kitchen,south
nice,voice,plant
lawyer,exist,tonight
ball,dark,western
part,stop,world
they,hot,keep
at,join,in
move,team,bag
career,give,western
without,media,produce
prepare,election,most
possible,message,guy
future,father,administration
recent,almost,common
care,trial,machine
real,dinner,nearly
cell,value,maybe
remain,price,every
approach,care,suffer
single,than,guy
would,season,attack
her,particular,world
head,contain,party
if,short,analysis
base,audience,people
tree,opportunity,maybe
government,such,would
sign,see,machine
affect,decision,condition
teach,lay,all
write,study,father
billion,own,although
scientist,down,strong
radio,class,alone
last,million,produce
difficult,treatment,loss
class,size,during
back,cover,adult
mean,summer,address
manage,what,common
consumer,offer,within
outside,organization,entire
couple,despite,group
level,message,trip
fly,material,people
you,society,newspaper
better,increase,happy
so,girl,suggest
this,sure,certainly
answer,finally,reflect
walk,future,all
contain,consumer,everyone
politics,agree,store
strong,within,south
seem,knowledge,inside
Congress,help,when
home,picture,wear
nature,future,number
describe,walk,above
drug,civil,father
foot,theory,difficult
course,see,ahead
for,woman,huge
decade,itself,across
sometimes,you,every
woman,sea,water
where,practice,produce
green,focus,similar
film,order,with
next,meet,western
easy,huge,significant
policy,time,west
law,play,third
recognize,window,themselves
week,on,sit
new,office,many
because,rather,address
interest,safe,bag
give,public,finally
design,learn,good
central,despite,early
agent,red,well
common,Republican,force
free,she,debate
inside,both,mother
take,production,sound
not,than,design
control,fear,western
hope,stuff,keep
best,buy,force
popular,tree,most
kid,consider,tonight
general,leave,above
pass,company,without
member,onto,house
kitchen,dark,executive
material,carry,history
area,west,take
sing,doctor,control
ever,build,across
movement,table,seven
arm,put,plant
authority,professor,form
hotel,improve,old
official,budget,western
hospital,run,keep
significant,field,watch
off,able,finally
tend,support,teach
son,just,four
population,box,easy
specific,move,career
both,travel,father
visit,generation,sit
these,push,sport
feel,agreement,herself
current,professional,keep
either,push,attack
much,summer,many
reality,main,ahead
method,fast,more
address,worry,son
star,theory,say
us,professional,available
according,always,during
tough,worker,threat
day,dinner,control
probably,read,every
structure,marriage,another
include,nation,bag
support,recent,certainly
word,loss,executive
state,value,career
consider,final,maybe
light,own,administration
customer,without,reflect
two,treatment,understand
apply,just,draw
deep,after,son
still,degree,adult
big,high,party
rock,you,history
will,wear,sit
church,book,computer
today,loss,enter
plant,home,within
language,avoid,good
professional,special,teach
bad,memory,many
left,amount,news
food,mention,occur
nearly,nature,debate
many,seat,behind
culture,admit,strong
economic,either,sport
degree,treat,maybe
behind,short,nearly
matter,may,final
above,something,fact
listen,camera,bill
indicate,audience,water
face,detail,sing
power,you,nice
produce,country,would
coach,social,when
win,least,most
present,try,response
already,material,approach
car,onto,hundred
mention,modern,response
stay,final,nearly
item,likely,third
daughter,box,produce
color,full,group
stand,response,kind
challenge,American,herself
travel,key,loss
condition,treat,our
bring,mind,else
adult,base,guy
civil,score,nearly
find,design,would
science,current,land
rise,push,treat
production,realize,mean
somebody,member,network
just,building,keep
pick,fall,learn
machine,address,prepare
poor,skin,offer
management,area,response
case,example,reflect
energy,I,career
reflect,least,realize
fast,human,ability
factor,travel,wonder
oil,end,easy
catch,value,tonight
body,board,in
shoulder,turn,analysis
every,tonight,debate
check,anyone,suffer
build,recent,culture
door,meeting,store
work,discussion,control
tax,personal,easy
hair,own,wish
financial,picture,blood
social,key,control
watch,appear,produce
range,inside,alone
election,professional,exist
after,expect,every
into,area,rate
north,break,across
field,source,south
before,bad,force
story,decade,behind
leader,little,control
box,law,place
decide,institution,strategy
hour,talk,glass
effect,agreement,realize
water,adult,teach
institution,water,sit
age,task,behind
dark,fast,west
southern,none,machine
position,camera,offer
hard,young,exist
federal,structure,statement
office,among,quite
safe,pick,machine
expert,study,adult
writer,according,mean
sport,part,various
result,radio,all
defense,tell,draw
in,weight,child
floor,bring,central
herself,person,old
effort,memory,watch
study,cell,least
show,soldier,behind
man,race,sport
miss,many,form
small,none,child
rather,teacher,similar
fine,where,across
enough,against,available
dog,city,debate
perform,door,risk
seek,new,newspaper
likely,scene,treat
painting,run,although
soldier,chance,without
by,debate,draw
cost,only,in
husband,explain,happy
front,out,loss
explain,about,blue
century,night,offer
TV,writer,above
a,street,he
individual,central,go
including,behavior,central
country,bad,prepare
start,city,development
one,course,everyone
network,increase,adult
former,record,statement
past,worry,enjoy
point,probably,form
avoid,practice,behind
trouble,scientist,number
project,industry,risk
sure,fly,community
education,measure,statement
compare,science,executive
land,other,he
moment,our,sport
entire,avoid,teach
I,base,enjoy
figure,need,quite
step,all,sport
city,land,west
we,during,sit
go,born,third
together,notice,huge
full,card,executive
from,more,enjoy
account,keep,treat
throw,heart,number
worry,team,teach
fear,maintain,world
particular,make,rate
appear,use,store
onto,book,hundred
image,leg,approach
girl,question,although
require,by,many
system,production,above
reason,while,ability
organization,research,happy
allow,simple,learn
stock,herself,bad
skin,option,fact
some,house,keep
wrong,phone,address
camera,read,nearly
physical,choose,treat
television,allow,approach
under,analysis,great
question,interesting,say
three,early,sport
very,red,themselves
people,food,stay
anything,garden,people
down,general,world
bank,need,offer
garden,at,response
lead,computer,address
media,better,have
shake,before,early
firm,only,suggest
child,create,glass
interview,organization,learn
administration,local,teach
national,list,parent
accept,fear,agree
process,firm,fact
Republican,same,house
might,knowledge,maybe
meet,free,more
throughout,race,already
everybody,notice,trip
also,wear,strategy
create,investment,while
surface,relationship,seven
generation,analysis,great
model,floor,guy
attack,within,difficult
service,condition,nearly
note,others,whose
grow,clearly,good
money,do,bad
human,suggest,community
break,at,available
conference,spend,question
detail,increase,great
environment,several,every
put,necessary,strong
suggest,continue,least
debate,first,huge
be,spend,Democrat
make,past,all
quite,staff,south
doctor,sea,treat
ago,whose,when
ten,challenge,computer
major,dinner,ahead
opportunity,manage,month
heavy,say,would
pattern,eight,sing
my,word,address
dinner,other,similar
training,card,occur
morning,dog,ball
alone,and,culture
whose,onto,above
send,mention,culture
say,two,every
speech,worker,stock
party,my,ability
share,bed,control
stuff,body,approach
sense,life,bad
west,wish,offer
unit,behavior,approach
whom,could,offer
fall,movie,treat
card,industry,kind
red,front,value
kind,truth,go
reach,our,sometimes
far,science,address
game,past,popular
always,else,sound
more,commercial,water
guy,authority,early
center,think,more
third,improve,threat
south,public,quite
price,out,stage
trade,write,fall
form,build,exist
data,play,four
thought,plant,design
product,PM,scientist
do,attack,treat
rate,someone,hundred
peace,ball,wonder
what,throughout,rate
window,available,plant
vote,nothing,machine
professor,behavior,enjoy
option,night,religious
hit,beyond,eight
ahead,themselves,various
idea,gun,similar
change,pay,many
laugh,take,water
usually,reach,ability
total,fish,rate
pull,measure,significant
weight,campaign,available
save,president,produce
within,million,final
beautiful,training,water
mind,law,line
top,vote,threat
read,finish,father
series,reason,form
store,investment,take
even,take,fact
behavior,organization,go
any,pull,many
interesting,oil,community
similar,prepare,alone
must,party,good
who,crime,bag
spend,difficult,have
final,entire,treat
artist,behind,early
score,loss,bill
war,after,land
fish,while,themselves
natural,though,threat
lose,blood,behind
itself,another,ball
report,fund,popular
choice,treatment,religious
no,join,inside
draw,bring,realize
name,team,similar
action,left,teach
order,recent,participant
follow,break,form
fire,already,occur
well,difference,realize
else,house,above
that,control,although
none,fine,least
subject,consider,executive
eat,which,nearly
try,show,available
each,like,bag
rule,spend,seven
minute,adult,alone
theory,accept,maybe
enter,compare,third
half,wait,old
experience,above,certain
evening,even,blood
successful,bar,store
there,hear,rate
seven,official,approach
its,return,available
his,skin,place
develop,writer,child
way,any,within
toward,it,threat
serve,work,news
million,whose,few
meeting,movie,sit
identify,the,strategy
pay,class,entire
practice,add,strategy
station,impact,when
gun,especially,ability
low,visit,agree
chair,bring,rate
on,bad,attack
response,improve,stock
memory,control,wear
benefit,single,have
traditional,available,attack
of,painting,executive
their,cover,keep
get,mind,similar
beyond,against,place
almost,fund,say
fill,maintain,blood
lay,because,ability
over,message,adult
term,marriage,career
town,east,understand
feeling,maintain,page
right,meet,participant
notice,amount,threat
themselves,American,enter
beat,risk,certainly
bill,project,change
property,hotel,party
carry,down,treat
maintain,quite,adult
end,finally,hundred
local,door,participant
campaign,choice,occur
stop,ask,final
away,shake,similar
few,point,ability
senior,place,sense
help,down,ball
enjoy,within,blue
partner,occur,many
most,now,easy
me,mission,produce
sister,course,network
treatment,join,watch
road,war,religious
happy,away,within
little,be,world
market,social,item
mother,left,many
magazine,later,he
while,during,south
suddenly,level,great
since,mother,culture
join,mouth,four
middle,admit,enter
wind,stuff,final
available,like,teach
gas,blood,wish
until,son,alone
high,short,world
young,prove,ability
job,already,occur
character,Congress,party
good,hot,treat
continue,adult,easy
ask,letter,certainly
leg,against,computer
expect,save,say
involve,join,number
finally,president,sometimes
rest,meeting,have
buy,wrong,house
blue,know,strategy
around,clearly,history
western,forget,blue
too,home,number
nation,economic,certain
want,structure,eight
open,daughter,similar
how,matter,above
really,million,change
student,general,design
hundred,detail,group
summer,hundred,huge
to,whether,above
yes,these,change
success,suddenly,tonight
military,game,with
learn,method,although
task,certainly,form
up,chance,hundred
discussion,own,group
letter,season,whose
spring,serious,scientist
certain,attention,themselves
again,help,finally
as,table,another
